Image,Description
543.jpg,"In this image, 1 wounds are detected. The 1st wound is located in bottom, with size small and shape round. "
268.jpg,"In this image, 1 wounds are detected. The 1st wound is located in right, with size small and shape round. "
637.jpg,"In this image, 1 wounds are detected. The 1st wound is located in right, with size small and shape rough. "
607.jpg,"In this image, 1 wounds are detected. The 1st wound is located in left, with size small and shape rough. "
386.jpg,"In this image, 1 wounds are detected. The 1st wound is located in bottom, with size small and shape rough. "
151.jpg,"In this image, 1 wounds are detected. The 1st wound is located in right, with size small and shape round. "
597.jpg,"In this image, 1 wounds are detected. The 1st wound is located in left, with size small and shape round. "
149.jpg,"In this image, 1 wounds are detected. The 1st wound is located in top, with size small and shape rough. "
676.jpg,"In this image, 1 wounds are detected. The 1st wound is located in right, with size small and shape rough. "
212.jpg,"In this image, 1 wounds are detected. The 1st wound is located in right, with size small and shape round. "
618.jpg,"In this image, 1 wounds are detected. The 1st wound is located in bottom, with size small and shape rough. "
718.jpg,"In this image, 1 wounds are detected. The 1st wound is located in right, with size medium and shape round. "
600.jpg,"In this image, 1 wounds are detected. The 1st wound is located in left, with size small and shape round. "
305.jpg,"In this image, 1 wounds are detected. The 1st wound is located in right, with size small and shape round. "
700.jpg,"In this image, 1 wounds are detected. The 1st wound is located in right, with size small and shape round. "
437.jpg,"In this image, 1 wounds are detected. The 1st wound is located in left, with size small and shape round. "
633.jpg,"In this image, 1 wounds are detected. The 1st wound is located in right, with size small and shape rough. "
530.jpg,"In this image, 1 wounds are detected. The 1st wound is located in left, with size small and shape round. "
767.jpg,"In this image, 1 wounds are detected. The 1st wound is located in right, with size small and shape round. "
594.jpg,"In this image, 1 wounds are detected. The 1st wound is located in left, with size small and shape round. "
261.jpg,"In this image, 1 wounds are detected. The 1st wound is located in right, with size small and shape round. "
516.jpg,"In this image, 1 wounds are detected. The 1st wound is located in right, with size small and shape rough. "
681.jpg,"In this image, 1 wounds are detected. The 1st wound is located in right, with size small and shape round. "
582.jpg,"In this image, 1 wounds are detected. The 1st wound is located in top, with size small and shape round. "
27.jpg,"In this image, 1 wounds are detected. The 1st wound is located in center, with size small and shape round. "
254.jpg,"In this image, 1 wounds are detected. The 1st wound is located in right, with size small and shape round. "
486.jpg,"In this image, 1 wounds are detected. The 1st wound is located in left, with size medium and shape round. "
377.jpg,"In this image, 1 wounds are detected. The 1st wound is located in right, with size small and shape rough. "
494.jpg,"In this image, 1 wounds are detected. The 1st wound is located in right, with size small and shape round. "
18.jpg,"In this image, 1 wounds are detected. The 1st wound is located in top, with size small and shape round. "
0.jpg,"In this image, 1 wounds are detected. The 1st wound is located in left, with size small and shape round. "
704.jpg,"In this image, 1 wounds are detected. The 1st wound is located in right, with size medium and shape round. "
392.jpg,"In this image, 1 wounds are detected. The 1st wound is located in left, with size small and shape round. "
168.jpg,"In this image, 1 wounds are detected. The 1st wound is located in top, with size medium and shape rough. "
577.jpg,"In this image, 1 wounds are detected. The 1st wound is located in top, with size small and shape round. "
330.jpg,"In this image, 1 wounds are detected. The 1st wound is located in right, with size small and shape rough. "
719.jpg,"In this image, 1 wounds are detected. The 1st wound is located in left, with size small and shape rough. "
8.jpg,"In this image, 1 wounds are detected. The 1st wound is located in right, with size small and shape round. "
586.jpg,"In this image, 1 wounds are detected. The 1st wound is located in left, with size small and shape rough. "
255.jpg,"In this image, 1 wounds are detected. The 1st wound is located in left, with size small and shape round. "
429.jpg,"In this image, 1 wounds are detected. The 1st wound is located in bottom, with size small and shape round. "
740.jpg,"In this image, 1 wounds are detected. The 1st wound is located in right, with size small and shape rough. "
648.jpg,"In this image, 1 wounds are detected. The 1st wound is located in left, with size small and shape round. "
753.jpg,"In this image, 1 wounds are detected. The 1st wound is located in bottom, with size small and shape rough. "
252.jpg,"In this image, 1 wounds are detected. The 1st wound is located in bottom, with size small and shape round. "
340.jpg,"In this image, 1 wounds are detected. The 1st wound is located in right, with size small and shape round. "
109.jpg,"In this image, 1 wounds are detected. The 1st wound is located in bottom, with size small and shape round. "
414.jpg,"In this image, 1 wounds are detected. The 1st wound is located in right, with size small and shape rough. "
791.jpg,"In this image, 1 wounds are detected. The 1st wound is located in center, with size small and shape round. "
691.jpg,"In this image, 1 wounds are detected. The 1st wound is located in center, with size small and shape round. "
644.jpg,"In this image, 1 wounds are detected. The 1st wound is located in top, with size small and shape round. "
779.jpg,"In this image, 1 wounds are detected. The 1st wound is located in top, with size small and shape round. "
748.jpg,"In this image, 1 wounds are detected. The 1st wound is located in top, with size small and shape round. "
154.jpg,"In this image, 1 wounds are detected. The 1st wound is located in right, with size small and shape round. "
634.jpg,"In this image, 1 wounds are detected. The 1st wound is located in right, with size small and shape rough. "
369.jpg,"In this image, 1 wounds are detected. The 1st wound is located in right, with size small and shape rough. "
7.jpg,"In this image, 1 wounds are detected. The 1st wound is located in left, with size small and shape round. "
501.jpg,"In this image, 1 wounds are detected. The 1st wound is located in bottom, with size small and shape round. "
596.jpg,"In this image, 1 wounds are detected. The 1st wound is located in left, with size small and shape rough. "
595.jpg,"In this image, 1 wounds are detected. The 1st wound is located in right, with size small and shape round. "
33.jpg,"In this image, 1 wounds are detected. The 1st wound is located in right, with size small and shape round. "
380.jpg,"In this image, 1 wounds are detected. The 1st wound is located in right, with size small and shape round. "
756.jpg,"In this image, 1 wounds are detected. The 1st wound is located in right, with size small and shape round. "
351.jpg,"In this image, 1 wounds are detected. The 1st wound is located in top, with size small and shape round. "
667.jpg,"In this image, 1 wounds are detected. The 1st wound is located in top, with size medium and shape rough. "
398.jpg,"In this image, 1 wounds are detected. The 1st wound is located in left, with size small and shape rough. "
357.jpg,"In this image, 1 wounds are detected. The 1st wound is located in right, with size small and shape round. "
567.jpg,"In this image, 1 wounds are detected. The 1st wound is located in bottom, with size small and shape round. "
745.jpg,"In this image, 1 wounds are detected. The 1st wound is located in bottom, with size small and shape round. "
155.jpg,"In this image, 1 wounds are detected. The 1st wound is located in top, with size small and shape round. "
420.jpg,"In this image, 1 wounds are detected. The 1st wound is located in right, with size small and shape round. "
707.jpg,"In this image, 1 wounds are detected. The 1st wound is located in left, with size small and shape round. "
237.jpg,"In this image, 1 wounds are detected. The 1st wound is located in top, with size medium and shape round. "
424.jpg,"In this image, 1 wounds are detected. The 1st wound is located in left, with size small and shape round. "
57.jpg,"In this image, 1 wounds are detected. The 1st wound is located in left, with size small and shape round. "
191.jpg,"In this image, 2 wounds are detected. The 1st wound is located in bottom, with size small and shape flattened. The 2nd wound is located in right, with size small and shape rough. "
434.jpg,"In this image, 1 wounds are detected. The 1st wound is located in right, with size small and shape round. "
686.jpg,"In this image, 1 wounds are detected. The 1st wound is located in bottom, with size small and shape round. "
47.jpg,"In this image, 1 wounds are detected. The 1st wound is located in bottom, with size small and shape round. "
267.jpg,"In this image, 1 wounds are detected. The 1st wound is located in right, with size small and shape rough. "
573.jpg,"In this image, 1 wounds are detected. The 1st wound is located in bottom, with size small and shape round. "
144.jpg,"In this image, 1 wounds are detected. The 1st wound is located in top, with size small and shape round. "
487.jpg,"In this image, 1 wounds are detected. The 1st wound is located in bottom, with size small and shape round. "
89.jpg,"In this image, 1 wounds are detected. The 1st wound is located in top, with size small and shape round. "
680.jpg,"In this image, 2 wounds are detected. The 1st wound is located in bottom, with size small and shape rough. The 2nd wound is located in right, with size small and shape round. "
415.jpg,"In this image, 1 wounds are detected. The 1st wound is located in right, with size small and shape round. "
556.jpg,"In this image, 1 wounds are detected. The 1st wound is located in left, with size medium and shape round. "
455.jpg,"In this image, 1 wounds are detected. The 1st wound is located in center, with size small and shape rough. "
320.jpg,"In this image, 1 wounds are detected. The 1st wound is located in right, with size small and shape round. "
157.jpg,"In this image, 1 wounds are detected. The 1st wound is located in center, with size small and shape round. "
674.jpg,"In this image, 1 wounds are detected. The 1st wound is located in bottom, with size medium and shape round. "
79.jpg,"In this image, 1 wounds are detected. The 1st wound is located in left, with size small and shape rough. "
784.jpg,"In this image, 1 wounds are detected. The 1st wound is located in bottom, with size small and shape round. "
161.jpg,"In this image, 1 wounds are detected. The 1st wound is located in right, with size small and shape round. "
492.jpg,"In this image, 1 wounds are detected. The 1st wound is located in left, with size small and shape round. "
12.jpg,"In this image, 1 wounds are detected. The 1st wound is located in right, with size small and shape round. "
139.jpg,"In this image, 1 wounds are detected. The 1st wound is located in top, with size small and shape rough. "
664.jpg,"In this image, 1 wounds are detected. The 1st wound is located in left, with size small and shape rough. "
75.jpg,"In this image, 1 wounds are detected. The 1st wound is located in bottom, with size small and shape rough. "
362.jpg,"In this image, 1 wounds are detected. The 1st wound is located in left, with size small and shape round. "
588.jpg,"In this image, 1 wounds are detected. The 1st wound is located in bottom, with size small and shape round. "
646.jpg,"In this image, 1 wounds are detected. The 1st wound is located in top, with size small and shape round. "
170.jpg,"In this image, 1 wounds are detected. The 1st wound is located in top, with size small and shape rough. "
259.jpg,"In this image, 1 wounds are detected. The 1st wound is located in right, with size small and shape round. "
564.jpg,"In this image, 1 wounds are detected. The 1st wound is located in right, with size small and shape round. "
442.jpg,"In this image, 1 wounds are detected. The 1st wound is located in bottom, with size small and shape round. "
196.jpg,"In this image, 1 wounds are detected. The 1st wound is located in bottom, with size small and shape round. "
685.jpg,"In this image, 1 wounds are detected. The 1st wound is located in right, with size small and shape round. "
714.jpg,"In this image, 1 wounds are detected. The 1st wound is located in right, with size small and shape round. "
44.jpg,"In this image, 1 wounds are detected. The 1st wound is located in bottom, with size small and shape round. "
635.jpg,"In this image, 1 wounds are detected. The 1st wound is located in right, with size small and shape round. "
750.jpg,"In this image, 1 wounds are detected. The 1st wound is located in left, with size small and shape rough. "
491.jpg,"In this image, 1 wounds are detected. The 1st wound is located in bottom, with size small and shape round. "
622.jpg,"In this image, 1 wounds are detected. The 1st wound is located in right, with size small and shape round. "
174.jpg,"In this image, 2 wounds are detected. The 1st wound is located in bottom, with size small and shape round. The 2nd wound is located in center, with size small and shape round. "
63.jpg,"In this image, 1 wounds are detected. The 1st wound is located in left, with size small and shape round. "
500.jpg,"In this image, 1 wounds are detected. The 1st wound is located in bottom, with size small and shape rough. "
302.jpg,"In this image, 1 wounds are detected. The 1st wound is located in right, with size small and shape round. "
293.jpg,"In this image, 1 wounds are detected. The 1st wound is located in right, with size small and shape round. "
684.jpg,"In this image, 1 wounds are detected. The 1st wound is located in center, with size small and shape round. "
289.jpg,"In this image, 1 wounds are detected. The 1st wound is located in top, with size small and shape round. "
34.jpg,"In this image, 1 wounds are detected. The 1st wound is located in bottom, with size small and shape rough. "
479.jpg,"In this image, 1 wounds are detected. The 1st wound is located in right, with size small and shape round. "
216.jpg,"In this image, 1 wounds are detected. The 1st wound is located in bottom, with size small and shape rough. "
769.jpg,"In this image, 2 wounds are detected. The 1st wound is located in center, with size small and shape round. The 2nd wound is located in right, with size small and shape round. "
408.jpg,"In this image, 1 wounds are detected. The 1st wound is located in bottom, with size small and shape round. "
265.jpg,"In this image, 1 wounds are detected. The 1st wound is located in top-middle, with size small and shape round. "
133.jpg,"In this image, 1 wounds are detected. The 1st wound is located in left, with size small and shape round. "
683.jpg,"In this image, 1 wounds are detected. The 1st wound is located in top, with size small and shape round. "
449.jpg,"In this image, 1 wounds are detected. The 1st wound is located in bottom, with size small and shape round. "
422.jpg,"In this image, 1 wounds are detected. The 1st wound is located in left, with size small and shape round. "
210.jpg,"In this image, 1 wounds are detected. The 1st wound is located in left, with size small and shape round. "
292.jpg,"In this image, 1 wounds are detected. The 1st wound is located in left, with size small and shape rough. "
690.jpg,"In this image, 1 wounds are detected. The 1st wound is located in right, with size small and shape rough. "
107.jpg,"In this image, 1 wounds are detected. The 1st wound is located in right, with size small and shape round. "
559.jpg,"In this image, 1 wounds are detected. The 1st wound is located in top, with size small and shape round. "
348.jpg,"In this image, 1 wounds are detected. The 1st wound is located in left, with size small and shape round. "
219.jpg,"In this image, 10 wounds are detected. The 1st wound is located in bottom-middle, with size small and shape round. The 2nd wound is located in right, with size small and shape round. The 3rd wound is located in center, with size small and shape round. The 4th wound is located in center-right, with size small and shape round. The 5th wound is located in left, with size small and shape round. The 6th wound is located in right, with size small and shape round. The 7th wound is located in top-middle, with size small and shape round. The 8th wound is located in top-right, with size small and shape round. The 9th wound is located in top-left, with size small and shape round. The 10th wound is located in top-right, with size small and shape round. "
443.jpg,"In this image, 1 wounds are detected. The 1st wound is located in center, with size small and shape round. "
747.jpg,"In this image, 1 wounds are detected. The 1st wound is located in right, with size small and shape round. "
201.jpg,"In this image, 1 wounds are detected. The 1st wound is located in bottom, with size small and shape round. "
752.jpg,"In this image, 1 wounds are detected. The 1st wound is located in left, with size small and shape rough. "
438.jpg,"In this image, 1 wounds are detected. The 1st wound is located in right, with size small and shape round. "
705.jpg,"In this image, 1 wounds are detected. The 1st wound is located in left, with size small and shape round. "
121.jpg,"In this image, 1 wounds are detected. The 1st wound is located in center, with size small and shape round. "
356.jpg,"In this image, 1 wounds are detected. The 1st wound is located in bottom, with size small and shape round. "
402.jpg,"In this image, 1 wounds are detected. The 1st wound is located in right, with size small and shape round. "
552.jpg,"In this image, 1 wounds are detected. The 1st wound is located in right, with size small and shape round. "
473.jpg,"In this image, 1 wounds are detected. The 1st wound is located in right, with size small and shape round. "
29.jpg,"In this image, 1 wounds are detected. The 1st wound is located in top, with size small and shape round. "
527.jpg,"In this image, 1 wounds are detected. The 1st wound is located in center, with size small and shape rough. "
122.jpg,"In this image, 1 wounds are detected. The 1st wound is located in bottom, with size small and shape round. "
172.jpg,"In this image, 1 wounds are detected. The 1st wound is located in top, with size small and shape round. "
381.jpg,"In this image, 1 wounds are detected. The 1st wound is located in right, with size small and shape round. "
321.jpg,"In this image, 1 wounds are detected. The 1st wound is located in right, with size small and shape round. "
136.jpg,"In this image, 1 wounds are detected. The 1st wound is located in top, with size small and shape round. "
706.jpg,"In this image, 1 wounds are detected. The 1st wound is located in bottom, with size small and shape round. "
9.jpg,"In this image, 1 wounds are detected. The 1st wound is located in left, with size small and shape round. "
419.jpg,"In this image, 1 wounds are detected. The 1st wound is located in right, with size small and shape rough. "
792.jpg,"In this image, 1 wounds are detected. The 1st wound is located in bottom, with size small and shape rough. "
71.jpg,"In this image, 1 wounds are detected. The 1st wound is located in right, with size small and shape rough. "
243.jpg,"In this image, 1 wounds are detected. The 1st wound is located in right, with size small and shape round. "
723.jpg,"In this image, 1 wounds are detected. The 1st wound is located in left, with size small and shape rough. "
282.jpg,"In this image, 2 wounds are detected. The 1st wound is located in bottom-middle, with size small and shape round. The 2nd wound is located in left, with size small and shape round. "
208.jpg,"In this image, 1 wounds are detected. The 1st wound is located in right, with size small and shape round. "
318.jpg,"In this image, 1 wounds are detected. The 1st wound is located in left, with size small and shape rough. "
175.jpg,"In this image, 1 wounds are detected. The 1st wound is located in center, with size small and shape round. "
112.jpg,"In this image, 1 wounds are detected. The 1st wound is located in right, with size small and shape round. "
430.jpg,"In this image, 1 wounds are detected. The 1st wound is located in left, with size small and shape round. "
463.jpg,"In this image, 1 wounds are detected. The 1st wound is located in right, with size small and shape round. "
95.jpg,"In this image, 1 wounds are detected. The 1st wound is located in right, with size small and shape round. "
118.jpg,"In this image, 1 wounds are detected. The 1st wound is located in center, with size small and shape round. "
482.jpg,"In this image, 1 wounds are detected. The 1st wound is located in bottom, with size small and shape rough. "
309.jpg,"In this image, 1 wounds are detected. The 1st wound is located in left, with size medium and shape flattened. "
54.jpg,"In this image, 1 wounds are detected. The 1st wound is located in center, with size small and shape round. "
505.jpg,"In this image, 1 wounds are detected. The 1st wound is located in right, with size small and shape round. "
128.jpg,"In this image, 1 wounds are detected. The 1st wound is located in right, with size small and shape rough. "
781.jpg,"In this image, 2 wounds are detected. The 1st wound is located in bottom-right, with size small and shape rough. The 2nd wound is located in center, with size small and shape round. "
396.jpg,"In this image, 1 wounds are detected. The 1st wound is located in left, with size small and shape rough. "
106.jpg,"In this image, 1 wounds are detected. The 1st wound is located in top, with size small and shape rough. "
316.jpg,"In this image, 1 wounds are detected. The 1st wound is located in right, with size small and shape round. "
197.jpg,"In this image, 1 wounds are detected. The 1st wound is located in bottom, with size small and shape round. "
15.jpg,"In this image, 1 wounds are detected. The 1st wound is located in center, with size small and shape rough. "
677.jpg,"In this image, 1 wounds are detected. The 1st wound is located in bottom, with size small and shape rough. "
777.jpg,"In this image, 1 wounds are detected. The 1st wound is located in right, with size small and shape round. "
130.jpg,"In this image, 1 wounds are detected. The 1st wound is located in right, with size small and shape rough. "
716.jpg,"In this image, 1 wounds are detected. The 1st wound is located in top, with size medium and shape round. "
40.jpg,"In this image, 1 wounds are detected. The 1st wound is located in right, with size small and shape round. "
358.jpg,"In this image, 1 wounds are detected. The 1st wound is located in top, with size small and shape round. "
114.jpg,"In this image, 1 wounds are detected. The 1st wound is located in left, with size small and shape rough. "
192.jpg,"In this image, 1 wounds are detected. The 1st wound is located in bottom, with size small and shape round. "
371.jpg,"In this image, 1 wounds are detected. The 1st wound is located in left, with size small and shape round. "
519.jpg,"In this image, 1 wounds are detected. The 1st wound is located in right, with size small and shape round. "
76.jpg,"In this image, 1 wounds are detected. The 1st wound is located in right, with size small and shape rough. "
49.jpg,"In this image, 1 wounds are detected. The 1st wound is located in bottom, with size small and shape round. "
88.jpg,"In this image, 1 wounds are detected. The 1st wound is located in left, with size small and shape rough. "
672.jpg,"In this image, 1 wounds are detected. The 1st wound is located in right, with size small and shape round. "
100.jpg,"In this image, 2 wounds are detected. The 1st wound is located in right, with size small and shape round. The 2nd wound is located in top, with size small and shape round. "
703.jpg,"In this image, 1 wounds are detected. The 1st wound is located in right, with size small and shape round. "
722.jpg,"In this image, 1 wounds are detected. The 1st wound is located in right, with size small and shape rough. "
275.jpg,"In this image, 1 wounds are detected. The 1st wound is located in right, with size small and shape round. "
469.jpg,"In this image, 2 wounds are detected. The 1st wound is located in center, with size small and shape round. The 2nd wound is located in right, with size small and shape round. "
655.jpg,"In this image, 1 wounds are detected. The 1st wound is located in center, with size small and shape round. "
156.jpg,"In this image, 1 wounds are detected. The 1st wound is located in right, with size small and shape rough. "
574.jpg,"In this image, 1 wounds are detected. The 1st wound is located in left, with size small and shape round. "
665.jpg,"In this image, 1 wounds are detected. The 1st wound is located in right, with size small and shape round. "
445.jpg,"In this image, 2 wounds are detected. The 1st wound is located in bottom, with size small and shape flattened. The 2nd wound is located in left, with size small and shape round. "
13.jpg,"In this image, 1 wounds are detected. The 1st wound is located in right, with size small and shape rough. "
290.jpg,"In this image, 1 wounds are detected. The 1st wound is located in right, with size small and shape round. "
575.jpg,"In this image, 1 wounds are detected. The 1st wound is located in top, with size small and shape rough. "
270.jpg,"In this image, 1 wounds are detected. The 1st wound is located in left, with size small and shape round. "
310.jpg,"In this image, 2 wounds are detected. The 1st wound is located in bottom-right, with size small and shape rough. The 2nd wound is located in right, with size small and shape round. "
546.jpg,"In this image, 1 wounds are detected. The 1st wound is located in right, with size medium and shape round. "
727.jpg,"In this image, 1 wounds are detected. The 1st wound is located in center, with size small and shape round. "
105.jpg,"In this image, 1 wounds are detected. The 1st wound is located in left, with size small and shape round. "
217.jpg,"In this image, 1 wounds are detected. The 1st wound is located in right, with size small and shape round. "
166.jpg,"In this image, 1 wounds are detected. The 1st wound is located in bottom, with size small and shape round. "
173.jpg,"In this image, 1 wounds are detected. The 1st wound is located in top, with size medium and shape round. "
653.jpg,"In this image, 1 wounds are detected. The 1st wound is located in bottom, with size small and shape round. "
571.jpg,"In this image, 1 wounds are detected. The 1st wound is located in top, with size small and shape round. "
480.jpg,"In this image, 1 wounds are detected. The 1st wound is located in bottom, with size small and shape round. "
111.jpg,"In this image, 1 wounds are detected. The 1st wound is located in left, with size medium and shape rough. "
503.jpg,"In this image, 1 wounds are detected. The 1st wound is located in right, with size small and shape round. "
735.jpg,"In this image, 1 wounds are detected. The 1st wound is located in bottom, with size small and shape round. "
334.jpg,"In this image, 1 wounds are detected. The 1st wound is located in right, with size small and shape round. "
489.jpg,"In this image, 1 wounds are detected. The 1st wound is located in bottom, with size small and shape round. "
240.jpg,"In this image, 1 wounds are detected. The 1st wound is located in right, with size small and shape round. "
384.jpg,"In this image, 1 wounds are detected. The 1st wound is located in left, with size small and shape round. "
387.jpg,"In this image, 1 wounds are detected. The 1st wound is located in bottom, with size small and shape round. "
260.jpg,"In this image, 1 wounds are detected. The 1st wound is located in right, with size small and shape round. "
143.jpg,"In this image, 1 wounds are detected. The 1st wound is located in right, with size small and shape round. "
737.jpg,"In this image, 1 wounds are detected. The 1st wound is located in bottom, with size small and shape round. "
92.jpg,"In this image, 1 wounds are detected. The 1st wound is located in bottom, with size small and shape round. "
521.jpg,"In this image, 1 wounds are detected. The 1st wound is located in right, with size small and shape round. "
799.jpg,"In this image, 1 wounds are detected. The 1st wound is located in right, with size small and shape round. "
555.jpg,"In this image, 1 wounds are detected. The 1st wound is located in right, with size small and shape rough. "
774.jpg,"In this image, 1 wounds are detected. The 1st wound is located in left, with size small and shape round. "
25.jpg,"In this image, 1 wounds are detected. The 1st wound is located in right, with size small and shape round. "
32.jpg,"In this image, 1 wounds are detected. The 1st wound is located in right, with size small and shape round. "
450.jpg,"In this image, 1 wounds are detected. The 1st wound is located in right, with size small and shape rough. "
335.jpg,"In this image, 1 wounds are detected. The 1st wound is located in bottom, with size small and shape rough. "
561.jpg,"In this image, 1 wounds are detected. The 1st wound is located in bottom, with size small and shape round. "
544.jpg,"In this image, 1 wounds are detected. The 1st wound is located in bottom, with size small and shape round. "
239.jpg,"In this image, 1 wounds are detected. The 1st wound is located in top, with size small and shape round. "
372.jpg,"In this image, 1 wounds are detected. The 1st wound is located in right, with size small and shape round. "
86.jpg,"In this image, 1 wounds are detected. The 1st wound is located in left, with size small and shape rough. "
611.jpg,"In this image, 1 wounds are detected. The 1st wound is located in left, with size small and shape round. "
93.jpg,"In this image, 1 wounds are detected. The 1st wound is located in center, with size small and shape round. "
695.jpg,"In this image, 1 wounds are detected. The 1st wound is located in right, with size small and shape round. "
499.jpg,"In this image, 1 wounds are detected. The 1st wound is located in bottom, with size medium and shape round. "
194.jpg,"In this image, 1 wounds are detected. The 1st wound is located in right, with size small and shape round. "
406.jpg,"In this image, 1 wounds are detected. The 1st wound is located in right, with size small and shape rough. "
117.jpg,"In this image, 1 wounds are detected. The 1st wound is located in left, with size small and shape rough. "
447.jpg,"In this image, 1 wounds are detected. The 1st wound is located in right, with size small and shape flattened. "
193.jpg,"In this image, 1 wounds are detected. The 1st wound is located in right, with size small and shape round. "
758.jpg,"In this image, 1 wounds are detected. The 1st wound is located in top, with size medium and shape rough. "
228.jpg,"In this image, 1 wounds are detected. The 1st wound is located in right, with size small and shape round. "
319.jpg,"In this image, 1 wounds are detected. The 1st wound is located in right, with size small and shape round. "
135.jpg,"In this image, 1 wounds are detected. The 1st wound is located in right, with size small and shape rough. "
19.jpg,"In this image, 1 wounds are detected. The 1st wound is located in center, with size small and shape round. "
225.jpg,"In this image, 1 wounds are detected. The 1st wound is located in bottom, with size small and shape round. "
522.jpg,"In this image, 1 wounds are detected. The 1st wound is located in right, with size small and shape round. "
568.jpg,"In this image, 1 wounds are detected. The 1st wound is located in right, with size medium and shape rough. "
113.jpg,"In this image, 1 wounds are detected. The 1st wound is located in top, with size small and shape rough. "
539.jpg,"In this image, 1 wounds are detected. The 1st wound is located in top, with size medium and shape rough. "
425.jpg,"In this image, 1 wounds are detected. The 1st wound is located in top, with size small and shape round. "
518.jpg,"In this image, 1 wounds are detected. The 1st wound is located in right, with size small and shape round. "
775.jpg,"In this image, 1 wounds are detected. The 1st wound is located in left, with size small and shape round. "
412.jpg,"In this image, 1 wounds are detected. The 1st wound is located in bottom, with size small and shape round. "
146.jpg,"In this image, 1 wounds are detected. The 1st wound is located in left, with size small and shape round. "
363.jpg,"In this image, 1 wounds are detected. The 1st wound is located in right, with size small and shape round. "
576.jpg,"In this image, 1 wounds are detected. The 1st wound is located in right, with size small and shape round. "
209.jpg,"In this image, 1 wounds are detected. The 1st wound is located in left, with size small and shape rough. "
789.jpg,"In this image, 1 wounds are detected. The 1st wound is located in left, with size small and shape round. "
394.jpg,"In this image, 1 wounds are detected. The 1st wound is located in top, with size small and shape round. "
475.jpg,"In this image, 1 wounds are detected. The 1st wound is located in bottom, with size small and shape round. "
61.jpg,"In this image, 1 wounds are detected. The 1st wound is located in right, with size small and shape round. "
583.jpg,"In this image, 1 wounds are detected. The 1st wound is located in bottom, with size small and shape round. "
517.jpg,"In this image, 1 wounds are detected. The 1st wound is located in top, with size small and shape round. "
367.jpg,"In this image, 1 wounds are detected. The 1st wound is located in bottom, with size small and shape round. "
488.jpg,"In this image, 1 wounds are detected. The 1st wound is located in top, with size small and shape round. "
545.jpg,"In this image, 1 wounds are detected. The 1st wound is located in right, with size small and shape round. "
418.jpg,"In this image, 1 wounds are detected. The 1st wound is located in right, with size medium and shape round. "
198.jpg,"In this image, 1 wounds are detected. The 1st wound is located in right, with size small and shape rough. "
566.jpg,"In this image, 1 wounds are detected. The 1st wound is located in right, with size small and shape rough. "
48.jpg,"In this image, 1 wounds are detected. The 1st wound is located in right, with size small and shape round. "
376.jpg,"In this image, 3 wounds are detected. The 1st wound is located in right, with size small and shape round. The 2nd wound is located in left, with size small and shape round. The 3rd wound is located in top-left, with size small and shape round. "
658.jpg,"In this image, 1 wounds are detected. The 1st wound is located in left, with size medium and shape rough. "
73.jpg,"In this image, 1 wounds are detected. The 1st wound is located in right, with size small and shape round. "
242.jpg,"In this image, 1 wounds are detected. The 1st wound is located in right, with size small and shape rough. "
540.jpg,"In this image, 1 wounds are detected. The 1st wound is located in left, with size small and shape round. "
710.jpg,"In this image, 1 wounds are detected. The 1st wound is located in right, with size small and shape round. "
590.jpg,"In this image, 1 wounds are detected. The 1st wound is located in bottom, with size small and shape round. "
67.jpg,"In this image, 1 wounds are detected. The 1st wound is located in left, with size small and shape round. "
647.jpg,"In this image, 1 wounds are detected. The 1st wound is located in right, with size small and shape rough. "
669.jpg,"In this image, 1 wounds are detected. The 1st wound is located in left, with size small and shape round. "
417.jpg,"In this image, 1 wounds are detected. The 1st wound is located in center, with size small and shape round. "
520.jpg,"In this image, 1 wounds are detected. The 1st wound is located in center, with size small and shape round. "
734.jpg,"In this image, 1 wounds are detected. The 1st wound is located in bottom, with size small and shape round. "
643.jpg,"In this image, 1 wounds are detected. The 1st wound is located in right, with size small and shape round. "
457.jpg,"In this image, 1 wounds are detected. The 1st wound is located in right, with size small and shape round. "
35.jpg,"In this image, 1 wounds are detected. The 1st wound is located in right, with size small and shape rough. "
579.jpg,"In this image, 1 wounds are detected. The 1st wound is located in right, with size small and shape round. "
785.jpg,"In this image, 1 wounds are detected. The 1st wound is located in right, with size small and shape round. "
285.jpg,"In this image, 1 wounds are detected. The 1st wound is located in top, with size small and shape rough. "
248.jpg,"In this image, 1 wounds are detected. The 1st wound is located in right, with size small and shape round. "
403.jpg,"In this image, 1 wounds are detected. The 1st wound is located in top, with size small and shape round. "
481.jpg,"In this image, 1 wounds are detected. The 1st wound is located in right, with size small and shape round. "
352.jpg,"In this image, 1 wounds are detected. The 1st wound is located in top, with size small and shape rough. "
202.jpg,"In this image, 1 wounds are detected. The 1st wound is located in left, with size small and shape round. "
81.jpg,"In this image, 1 wounds are detected. The 1st wound is located in right, with size small and shape round. "
37.jpg,"In this image, 1 wounds are detected. The 1st wound is located in right, with size small and shape round. "
263.jpg,"In this image, 1 wounds are detected. The 1st wound is located in right, with size small and shape rough. "
507.jpg,"In this image, 1 wounds are detected. The 1st wound is located in bottom, with size small and shape round. "
764.jpg,"In this image, 1 wounds are detected. The 1st wound is located in bottom, with size small and shape round. "
697.jpg,"In this image, 1 wounds are detected. The 1st wound is located in right, with size small and shape round. "
189.jpg,"In this image, 1 wounds are detected. The 1st wound is located in bottom, with size small and shape round. "
291.jpg,"In this image, 2 wounds are detected. The 1st wound is located in left, with size small and shape round. The 2nd wound is located in right, with size small and shape rough. "
766.jpg,"In this image, 1 wounds are detected. The 1st wound is located in top, with size small and shape flattened. "
652.jpg,"In this image, 1 wounds are detected. The 1st wound is located in left, with size small and shape round. "
730.jpg,"In this image, 1 wounds are detected. The 1st wound is located in bottom, with size small and shape round. "
560.jpg,"In this image, 1 wounds are detected. The 1st wound is located in right, with size small and shape round. "
280.jpg,"In this image, 1 wounds are detected. The 1st wound is located in right, with size small and shape round. "
326.jpg,"In this image, 1 wounds are detected. The 1st wound is located in bottom, with size small and shape rough. "
20.jpg,"In this image, 2 wounds are detected. The 1st wound is located in bottom-right, with size small and shape rough. The 2nd wound is located in right, with size small and shape round. "
613.jpg,"In this image, 1 wounds are detected. The 1st wound is located in right, with size small and shape round. "
307.jpg,"In this image, 1 wounds are detected. The 1st wound is located in right, with size medium and shape round. "
294.jpg,"In this image, 1 wounds are detected. The 1st wound is located in top, with size small and shape round. "
365.jpg,"In this image, 1 wounds are detected. The 1st wound is located in left, with size small and shape round. "
468.jpg,"In this image, 1 wounds are detected. The 1st wound is located in right, with size small and shape round. "
465.jpg,"In this image, 4 wounds are detected. The 1st wound is located in left, with size small and shape round. The 2nd wound is located in bottom, with size small and shape rough. The 3rd wound is located in left, with size small and shape round. The 4th wound is located in left, with size small and shape round. "
629.jpg,"In this image, 1 wounds are detected. The 1st wound is located in left, with size small and shape rough. "
271.jpg,"In this image, 1 wounds are detected. The 1st wound is located in center, with size small and shape round. "
125.jpg,"In this image, 1 wounds are detected. The 1st wound is located in top, with size small and shape round. "
615.jpg,"In this image, 1 wounds are detected. The 1st wound is located in left, with size small and shape round. "
306.jpg,"In this image, 1 wounds are detected. The 1st wound is located in left, with size small and shape round. "
1.jpg,"In this image, 1 wounds are detected. The 1st wound is located in right, with size small and shape rough. "
187.jpg,"In this image, 1 wounds are detected. The 1st wound is located in right, with size small and shape rough. "
547.jpg,"In this image, 1 wounds are detected. The 1st wound is located in center, with size small and shape round. "
53.jpg,"In this image, 1 wounds are detected. The 1st wound is located in right, with size small and shape round. "
256.jpg,"In this image, 1 wounds are detected. The 1st wound is located in right, with size small and shape round. "
452.jpg,"In this image, 1 wounds are detected. The 1st wound is located in right, with size small and shape round. "
793.jpg,"In this image, 1 wounds are detected. The 1st wound is located in right, with size small and shape round. "
207.jpg,"In this image, 1 wounds are detected. The 1st wound is located in right, with size small and shape round. "
645.jpg,"In this image, 1 wounds are detected. The 1st wound is located in center, with size small and shape round. "
303.jpg,"In this image, 1 wounds are detected. The 1st wound is located in left, with size small and shape round. "
69.jpg,"In this image, 1 wounds are detected. The 1st wound is located in bottom, with size small and shape rough. "
176.jpg,"In this image, 1 wounds are detected. The 1st wound is located in top, with size small and shape round. "
66.jpg,"In this image, 1 wounds are detected. The 1st wound is located in right, with size small and shape round. "
608.jpg,"In this image, 1 wounds are detected. The 1st wound is located in bottom, with size small and shape round. "
233.jpg,"In this image, 1 wounds are detected. The 1st wound is located in center, with size small and shape round. "
531.jpg,"In this image, 1 wounds are detected. The 1st wound is located in center, with size small and shape round. "
84.jpg,"In this image, 1 wounds are detected. The 1st wound is located in bottom, with size small and shape rough. "
661.jpg,"In this image, 1 wounds are detected. The 1st wound is located in center, with size small and shape round. "
313.jpg,"In this image, 1 wounds are detected. The 1st wound is located in left, with size small and shape round. "
649.jpg,"In this image, 1 wounds are detected. The 1st wound is located in bottom, with size small and shape rough. "
778.jpg,"In this image, 1 wounds are detected. The 1st wound is located in right, with size small and shape round. "
281.jpg,"In this image, 1 wounds are detected. The 1st wound is located in right, with size small and shape rough. "
782.jpg,"In this image, 1 wounds are detected. The 1st wound is located in bottom, with size small and shape round. "
26.jpg,"In this image, 1 wounds are detected. The 1st wound is located in left, with size small and shape rough. "
104.jpg,"In this image, 1 wounds are detected. The 1st wound is located in top, with size small and shape round. "
659.jpg,"In this image, 1 wounds are detected. The 1st wound is located in top, with size small and shape round. "
696.jpg,"In this image, 2 wounds are detected. The 1st wound is located in left, with size small and shape rough. The 2nd wound is located in top, with size small and shape round. "
72.jpg,"In this image, 1 wounds are detected. The 1st wound is located in top, with size small and shape round. "
323.jpg,"In this image, 1 wounds are detected. The 1st wound is located in bottom, with size small and shape round. "
138.jpg,"In this image, 1 wounds are detected. The 1st wound is located in top, with size small and shape round. "
46.jpg,"In this image, 1 wounds are detected. The 1st wound is located in bottom, with size small and shape round. "
315.jpg,"In this image, 1 wounds are detected. The 1st wound is located in right, with size small and shape round. "
382.jpg,"In this image, 1 wounds are detected. The 1st wound is located in bottom-middle, with size small and shape round. "
238.jpg,"In this image, 1 wounds are detected. The 1st wound is located in right, with size small and shape rough. "
578.jpg,"In this image, 2 wounds are detected. The 1st wound is located in right, with size small and shape round. The 2nd wound is located in top-middle, with size small and shape round. "
657.jpg,"In this image, 1 wounds are detected. The 1st wound is located in right, with size small and shape round. "
204.jpg,"In this image, 1 wounds are detected. The 1st wound is located in bottom, with size small and shape rough. "
45.jpg,"In this image, 1 wounds are detected. The 1st wound is located in top, with size small and shape round. "
631.jpg,"In this image, 1 wounds are detected. The 1st wound is located in center, with size small and shape round. "
495.jpg,"In this image, 1 wounds are detected. The 1st wound is located in left, with size small and shape rough. "
115.jpg,"In this image, 1 wounds are detected. The 1st wound is located in center, with size small and shape round. "
444.jpg,"In this image, 1 wounds are detected. The 1st wound is located in right, with size small and shape round. "
77.jpg,"In this image, 1 wounds are detected. The 1st wound is located in left, with size small and shape round. "
410.jpg,"In this image, 1 wounds are detected. The 1st wound is located in top, with size small and shape round. "
797.jpg,"In this image, 1 wounds are detected. The 1st wound is located in bottom, with size small and shape round. "
515.jpg,"In this image, 1 wounds are detected. The 1st wound is located in bottom, with size small and shape rough. "
490.jpg,"In this image, 1 wounds are detected. The 1st wound is located in left, with size small and shape round. "
177.jpg,"In this image, 1 wounds are detected. The 1st wound is located in bottom, with size small and shape round. "
533.jpg,"In this image, 1 wounds are detected. The 1st wound is located in right, with size small and shape round. "
739.jpg,"In this image, 1 wounds are detected. The 1st wound is located in right, with size small and shape rough. "
484.jpg,"In this image, 1 wounds are detected. The 1st wound is located in right, with size small and shape round. "
693.jpg,"In this image, 1 wounds are detected. The 1st wound is located in center, with size small and shape round. "
178.jpg,"In this image, 1 wounds are detected. The 1st wound is located in right, with size small and shape rough. "
525.jpg,"In this image, 1 wounds are detected. The 1st wound is located in right, with size small and shape round. "
342.jpg,"In this image, 1 wounds are detected. The 1st wound is located in right, with size small and shape rough. "
331.jpg,"In this image, 1 wounds are detected. The 1st wound is located in right, with size small and shape round. "
441.jpg,"In this image, 1 wounds are detected. The 1st wound is located in top, with size small and shape rough. "
446.jpg,"In this image, 1 wounds are detected. The 1st wound is located in left, with size small and shape rough. "
773.jpg,"In this image, 1 wounds are detected. The 1st wound is located in top, with size small and shape round. "
195.jpg,"In this image, 1 wounds are detected. The 1st wound is located in right, with size small and shape round. "
407.jpg,"In this image, 1 wounds are detected. The 1st wound is located in right, with size small and shape round. "
761.jpg,"In this image, 1 wounds are detected. The 1st wound is located in bottom, with size small and shape round. "
132.jpg,"In this image, 1 wounds are detected. The 1st wound is located in bottom, with size small and shape rough. "
284.jpg,"In this image, 1 wounds are detected. The 1st wound is located in right, with size small and shape round. "
311.jpg,"In this image, 1 wounds are detected. The 1st wound is located in center-right, with size small and shape round. "
131.jpg,"In this image, 1 wounds are detected. The 1st wound is located in bottom, with size small and shape round. "
126.jpg,"In this image, 1 wounds are detected. The 1st wound is located in right, with size small and shape round. "
587.jpg,"In this image, 1 wounds are detected. The 1st wound is located in right, with size small and shape rough. "
632.jpg,"In this image, 1 wounds are detected. The 1st wound is located in right, with size small and shape round. "
188.jpg,"In this image, 1 wounds are detected. The 1st wound is located in left, with size small and shape round. "
548.jpg,"In this image, 1 wounds are detected. The 1st wound is located in right, with size small and shape round. "
74.jpg,"In this image, 1 wounds are detected. The 1st wound is located in right, with size medium and shape round. "
721.jpg,"In this image, 1 wounds are detected. The 1st wound is located in left, with size small and shape rough. "
736.jpg,"In this image, 2 wounds are detected. The 1st wound is located in bottom, with size small and shape round. The 2nd wound is located in top, with size small and shape round. "
80.jpg,"In this image, 1 wounds are detected. The 1st wound is located in bottom, with size small and shape round. "
42.jpg,"In this image, 1 wounds are detected. The 1st wound is located in center, with size small and shape round. "
368.jpg,"In this image, 1 wounds are detected. The 1st wound is located in left, with size small and shape round. "
102.jpg,"In this image, 1 wounds are detected. The 1st wound is located in right, with size small and shape round. "
514.jpg,"In this image, 2 wounds are detected. The 1st wound is located in left, with size small and shape rough. The 2nd wound is located in right, with size small and shape rough. "
411.jpg,"In this image, 1 wounds are detected. The 1st wound is located in top, with size small and shape round. "
497.jpg,"In this image, 1 wounds are detected. The 1st wound is located in bottom, with size small and shape round. "
554.jpg,"In this image, 1 wounds are detected. The 1st wound is located in top, with size small and shape round. "
794.jpg,"In this image, 1 wounds are detected. The 1st wound is located in bottom, with size small and shape round. "
456.jpg,"In this image, 1 wounds are detected. The 1st wound is located in top, with size small and shape round. "
641.jpg,"In this image, 1 wounds are detected. The 1st wound is located in right, with size small and shape rough. "
671.jpg,"In this image, 1 wounds are detected. The 1st wound is located in right, with size small and shape round. "
165.jpg,"In this image, 3 wounds are detected. The 1st wound is located in bottom, with size small and shape round. The 2nd wound is located in right, with size small and shape rough. The 3rd wound is located in top, with size small and shape round. "
726.jpg,"In this image, 1 wounds are detected. The 1st wound is located in left, with size small and shape rough. "
60.jpg,"In this image, 1 wounds are detected. The 1st wound is located in bottom, with size small and shape rough. "
24.jpg,"In this image, 1 wounds are detected. The 1st wound is located in right, with size small and shape round. "
433.jpg,"In this image, 1 wounds are detected. The 1st wound is located in right, with size small and shape rough. "
150.jpg,"In this image, 1 wounds are detected. The 1st wound is located in right, with size small and shape round. "
504.jpg,"In this image, 2 wounds are detected. The 1st wound is located in bottom-middle, with size small and shape round. The 2nd wound is located in top-middle, with size small and shape round. "
508.jpg,"In this image, 2 wounds are detected. The 1st wound is located in left, with size small and shape rough. The 2nd wound is located in right, with size small and shape rough. "
744.jpg,"In this image, 1 wounds are detected. The 1st wound is located in top, with size small and shape rough. "
713.jpg,"In this image, 1 wounds are detected. The 1st wound is located in left, with size medium and shape round. "
493.jpg,"In this image, 1 wounds are detected. The 1st wound is located in left, with size medium and shape rough. "
82.jpg,"In this image, 2 wounds are detected. The 1st wound is located in right, with size small and shape round. The 2nd wound is located in left, with size small and shape round. "
541.jpg,"In this image, 1 wounds are detected. The 1st wound is located in bottom, with size small and shape round. "
200.jpg,"In this image, 1 wounds are detected. The 1st wound is located in center, with size small and shape round. "
264.jpg,"In this image, 2 wounds are detected. The 1st wound is located in bottom, with size small and shape round. The 2nd wound is located in left, with size small and shape round. "
308.jpg,"In this image, 1 wounds are detected. The 1st wound is located in right, with size small and shape round. "
746.jpg,"In this image, 2 wounds are detected. The 1st wound is located in left, with size small and shape flattened. The 2nd wound is located in right, with size small and shape round. "
327.jpg,"In this image, 1 wounds are detected. The 1st wound is located in right, with size small and shape rough. "
717.jpg,"In this image, 1 wounds are detected. The 1st wound is located in bottom-middle, with size small and shape round. "
276.jpg,"In this image, 1 wounds are detected. The 1st wound is located in left, with size small and shape round. "
601.jpg,"In this image, 2 wounds are detected. The 1st wound is located in right, with size small and shape round. The 2nd wound is located in top, with size small and shape round. "
116.jpg,"In this image, 1 wounds are detected. The 1st wound is located in right, with size small and shape round. "
119.jpg,"In this image, 1 wounds are detected. The 1st wound is located in top, with size small and shape rough. "
21.jpg,"In this image, 1 wounds are detected. The 1st wound is located in bottom, with size small and shape rough. "
350.jpg,"In this image, 1 wounds are detected. The 1st wound is located in right, with size small and shape round. "
39.jpg,"In this image, 1 wounds are detected. The 1st wound is located in bottom, with size small and shape round. "
472.jpg,"In this image, 1 wounds are detected. The 1st wound is located in bottom, with size small and shape rough. "
624.jpg,"In this image, 1 wounds are detected. The 1st wound is located in left, with size small and shape round. "
610.jpg,"In this image, 2 wounds are detected. The 1st wound is located in right, with size small and shape round. The 2nd wound is located in right, with size small and shape rough. "
675.jpg,"In this image, 1 wounds are detected. The 1st wound is located in bottom, with size small and shape round. "
416.jpg,"In this image, 1 wounds are detected. The 1st wound is located in center, with size small and shape round. "
592.jpg,"In this image, 1 wounds are detected. The 1st wound is located in left, with size small and shape rough. "
725.jpg,"In this image, 1 wounds are detected. The 1st wound is located in right, with size small and shape round. "
524.jpg,"In this image, 1 wounds are detected. The 1st wound is located in left, with size small and shape round. "
509.jpg,"In this image, 1 wounds are detected. The 1st wound is located in top, with size small and shape round. "
65.jpg,"In this image, 1 wounds are detected. The 1st wound is located in right, with size small and shape round. "
580.jpg,"In this image, 1 wounds are detected. The 1st wound is located in right, with size small and shape round. "
603.jpg,"In this image, 1 wounds are detected. The 1st wound is located in bottom, with size small and shape round. "
110.jpg,"In this image, 1 wounds are detected. The 1st wound is located in left, with size small and shape round. "
120.jpg,"In this image, 1 wounds are detected. The 1st wound is located in bottom, with size small and shape round. "
129.jpg,"In this image, 1 wounds are detected. The 1st wound is located in left, with size small and shape round. "
397.jpg,"In this image, 1 wounds are detected. The 1st wound is located in left, with size medium and shape round. "
621.jpg,"In this image, 1 wounds are detected. The 1st wound is located in top, with size small and shape round. "
453.jpg,"In this image, 1 wounds are detected. The 1st wound is located in right, with size small and shape round. "
68.jpg,"In this image, 1 wounds are detected. The 1st wound is located in top, with size small and shape round. "
266.jpg,"In this image, 1 wounds are detected. The 1st wound is located in center, with size small and shape round. "
409.jpg,"In this image, 1 wounds are detected. The 1st wound is located in right, with size small and shape round. "
428.jpg,"In this image, 1 wounds are detected. The 1st wound is located in right, with size small and shape round. "
317.jpg,"In this image, 1 wounds are detected. The 1st wound is located in right, with size small and shape round. "
709.jpg,"In this image, 1 wounds are detected. The 1st wound is located in bottom, with size small and shape round. "
90.jpg,"In this image, 1 wounds are detected. The 1st wound is located in left, with size small and shape round. "
355.jpg,"In this image, 2 wounds are detected. The 1st wound is located in center, with size small and shape round. The 2nd wound is located in right, with size small and shape round. "
62.jpg,"In this image, 1 wounds are detected. The 1st wound is located in right, with size small and shape rough. "
606.jpg,"In this image, 1 wounds are detected. The 1st wound is located in right, with size medium and shape round. "
22.jpg,"In this image, 1 wounds are detected. The 1st wound is located in bottom, with size small and shape round. "
389.jpg,"In this image, 1 wounds are detected. The 1st wound is located in top-middle, with size small and shape round. "
253.jpg,"In this image, 1 wounds are detected. The 1st wound is located in right, with size small and shape round. "
729.jpg,"In this image, 1 wounds are detected. The 1st wound is located in right, with size small and shape round. "
296.jpg,"In this image, 1 wounds are detected. The 1st wound is located in right, with size small and shape round. "
153.jpg,"In this image, 1 wounds are detected. The 1st wound is located in top-middle, with size small and shape round. "
52.jpg,"In this image, 1 wounds are detected. The 1st wound is located in center, with size small and shape round. "
272.jpg,"In this image, 1 wounds are detected. The 1st wound is located in left, with size small and shape round. "
461.jpg,"In this image, 1 wounds are detected. The 1st wound is located in left, with size small and shape rough. "
383.jpg,"In this image, 1 wounds are detected. The 1st wound is located in bottom, with size small and shape round. "
158.jpg,"In this image, 1 wounds are detected. The 1st wound is located in right, with size small and shape round. "
638.jpg,"In this image, 1 wounds are detected. The 1st wound is located in left, with size small and shape rough. "
364.jpg,"In this image, 1 wounds are detected. The 1st wound is located in right, with size small and shape round. "
64.jpg,"In this image, 1 wounds are detected. The 1st wound is located in top, with size small and shape rough. "
28.jpg,"In this image, 1 wounds are detected. The 1st wound is located in right, with size small and shape round. "
569.jpg,"In this image, 1 wounds are detected. The 1st wound is located in top, with size small and shape round. "
395.jpg,"In this image, 1 wounds are detected. The 1st wound is located in right, with size small and shape round. "
329.jpg,"In this image, 1 wounds are detected. The 1st wound is located in top, with size small and shape round. "
354.jpg,"In this image, 1 wounds are detected. The 1st wound is located in top, with size small and shape round. "
435.jpg,"In this image, 1 wounds are detected. The 1st wound is located in right, with size small and shape round. "
682.jpg,"In this image, 1 wounds are detected. The 1st wound is located in right, with size small and shape round. "
477.jpg,"In this image, 1 wounds are detected. The 1st wound is located in bottom, with size small and shape round. "
232.jpg,"In this image, 1 wounds are detected. The 1st wound is located in right, with size small and shape round. "
616.jpg,"In this image, 1 wounds are detected. The 1st wound is located in right, with size small and shape round. "
182.jpg,"In this image, 2 wounds are detected. The 1st wound is located in left, with size small and shape round. The 2nd wound is located in right, with size small and shape round. "
288.jpg,"In this image, 1 wounds are detected. The 1st wound is located in top-right, with size small and shape round. "
400.jpg,"In this image, 1 wounds are detected. The 1st wound is located in right, with size small and shape round. "
599.jpg,"In this image, 1 wounds are detected. The 1st wound is located in bottom, with size small and shape round. "
59.jpg,"In this image, 1 wounds are detected. The 1st wound is located in top-middle, with size small and shape round. "
339.jpg,"In this image, 1 wounds are detected. The 1st wound is located in left, with size small and shape round. "
361.jpg,"In this image, 1 wounds are detected. The 1st wound is located in bottom, with size small and shape round. "
650.jpg,"In this image, 1 wounds are detected. The 1st wound is located in top, with size small and shape round. "
698.jpg,"In this image, 1 wounds are detected. The 1st wound is located in bottom, with size small and shape round. "
572.jpg,"In this image, 1 wounds are detected. The 1st wound is located in bottom, with size small and shape round. "
534.jpg,"In this image, 1 wounds are detected. The 1st wound is located in top, with size small and shape rough. "
654.jpg,"In this image, 1 wounds are detected. The 1st wound is located in right, with size small and shape round. "
206.jpg,"In this image, 1 wounds are detected. The 1st wound is located in top, with size small and shape round. "
184.jpg,"In this image, 1 wounds are detected. The 1st wound is located in right, with size small and shape rough. "
273.jpg,"In this image, 1 wounds are detected. The 1st wound is located in left, with size small and shape round. "
562.jpg,"In this image, 1 wounds are detected. The 1st wound is located in right, with size small and shape round. "
511.jpg,"In this image, 1 wounds are detected. The 1st wound is located in right, with size small and shape round. "
405.jpg,"In this image, 1 wounds are detected. The 1st wound is located in bottom, with size small and shape round. "
388.jpg,"In this image, 1 wounds are detected. The 1st wound is located in bottom-middle, with size small and shape flattened. "
759.jpg,"In this image, 1 wounds are detected. The 1st wound is located in right, with size small and shape rough. "
565.jpg,"In this image, 1 wounds are detected. The 1st wound is located in top, with size small and shape rough. "
147.jpg,"In this image, 1 wounds are detected. The 1st wound is located in top, with size small and shape rough. "
179.jpg,"In this image, 1 wounds are detected. The 1st wound is located in right, with size small and shape round. "
164.jpg,"In this image, 1 wounds are detected. The 1st wound is located in right, with size small and shape rough. "
152.jpg,"In this image, 1 wounds are detected. The 1st wound is located in right, with size small and shape round. "
30.jpg,"In this image, 1 wounds are detected. The 1st wound is located in top, with size small and shape round. "
738.jpg,"In this image, 1 wounds are detected. The 1st wound is located in right, with size small and shape rough. "
770.jpg,"In this image, 1 wounds are detected. The 1st wound is located in right, with size small and shape round. "
183.jpg,"In this image, 1 wounds are detected. The 1st wound is located in top, with size small and shape rough. "
459.jpg,"In this image, 1 wounds are detected. The 1st wound is located in right, with size small and shape round. "
328.jpg,"In this image, 2 wounds are detected. The 1st wound is located in right, with size small and shape round. The 2nd wound is located in right, with size small and shape round. "
724.jpg,"In this image, 1 wounds are detected. The 1st wound is located in left, with size small and shape round. "
332.jpg,"In this image, 1 wounds are detected. The 1st wound is located in bottom, with size small and shape round. "
743.jpg,"In this image, 2 wounds are detected. The 1st wound is located in left, with size small and shape rough. The 2nd wound is located in right, with size small and shape round. "
688.jpg,"In this image, 1 wounds are detected. The 1st wound is located in right, with size small and shape round. "
673.jpg,"In this image, 1 wounds are detected. The 1st wound is located in right, with size small and shape round. "
199.jpg,"In this image, 1 wounds are detected. The 1st wound is located in right, with size small and shape round. "
373.jpg,"In this image, 1 wounds are detected. The 1st wound is located in right, with size medium and shape rough. "
336.jpg,"In this image, 1 wounds are detected. The 1st wound is located in bottom, with size small and shape round. "
535.jpg,"In this image, 2 wounds are detected. The 1st wound is located in left, with size small and shape round. The 2nd wound is located in top-right, with size small and shape rough. "
58.jpg,"In this image, 1 wounds are detected. The 1st wound is located in right, with size small and shape rough. "
623.jpg,"In this image, 1 wounds are detected. The 1st wound is located in right, with size small and shape rough. "
96.jpg,"In this image, 1 wounds are detected. The 1st wound is located in right, with size small and shape round. "
485.jpg,"In this image, 1 wounds are detected. The 1st wound is located in right, with size small and shape flattened. "
262.jpg,"In this image, 2 wounds are detected. The 1st wound is located in left, with size small and shape rough. The 2nd wound is located in top-right, with size small and shape round. "
17.jpg,"In this image, 1 wounds are detected. The 1st wound is located in right, with size small and shape round. "
344.jpg,"In this image, 1 wounds are detected. The 1st wound is located in center, with size small and shape round. "
186.jpg,"In this image, 1 wounds are detected. The 1st wound is located in bottom, with size small and shape round. "
298.jpg,"In this image, 1 wounds are detected. The 1st wound is located in left, with size small and shape rough. "
670.jpg,"In this image, 1 wounds are detected. The 1st wound is located in center, with size small and shape round. "
609.jpg,"In this image, 1 wounds are detected. The 1st wound is located in right, with size medium and shape round. "
460.jpg,"In this image, 1 wounds are detected. The 1st wound is located in left, with size small and shape rough. "
108.jpg,"In this image, 1 wounds are detected. The 1st wound is located in center, with size small and shape round. "
506.jpg,"In this image, 1 wounds are detected. The 1st wound is located in top, with size small and shape round. "
31.jpg,"In this image, 1 wounds are detected. The 1st wound is located in right, with size small and shape round. "
768.jpg,"In this image, 1 wounds are detected. The 1st wound is located in bottom, with size small and shape round. "
628.jpg,"In this image, 1 wounds are detected. The 1st wound is located in right, with size small and shape round. "
694.jpg,"In this image, 1 wounds are detected. The 1st wound is located in center, with size small and shape round. "
338.jpg,"In this image, 1 wounds are detected. The 1st wound is located in left, with size small and shape round. "
145.jpg,"In this image, 1 wounds are detected. The 1st wound is located in top, with size small and shape round. "
246.jpg,"In this image, 1 wounds are detected. The 1st wound is located in center, with size small and shape rough. "
619.jpg,"In this image, 1 wounds are detected. The 1st wound is located in bottom, with size small and shape rough. "
226.jpg,"In this image, 1 wounds are detected. The 1st wound is located in bottom, with size small and shape round. "
678.jpg,"In this image, 1 wounds are detected. The 1st wound is located in right, with size small and shape rough. "
788.jpg,"In this image, 1 wounds are detected. The 1st wound is located in left, with size medium and shape round. "
349.jpg,"In this image, 1 wounds are detected. The 1st wound is located in bottom, with size small and shape rough. "
341.jpg,"In this image, 1 wounds are detected. The 1st wound is located in bottom, with size small and shape rough. "
98.jpg,"In this image, 1 wounds are detected. The 1st wound is located in bottom, with size small and shape round. "
247.jpg,"In this image, 1 wounds are detected. The 1st wound is located in left, with size small and shape round. "
312.jpg,"In this image, 1 wounds are detected. The 1st wound is located in right, with size small and shape round. "
393.jpg,"In this image, 1 wounds are detected. The 1st wound is located in right, with size small and shape rough. "
83.jpg,"In this image, 1 wounds are detected. The 1st wound is located in left, with size medium and shape rough. "
345.jpg,"In this image, 1 wounds are detected. The 1st wound is located in right, with size small and shape rough. "
103.jpg,"In this image, 1 wounds are detected. The 1st wound is located in right, with size small and shape rough. "
91.jpg,"In this image, 1 wounds are detected. The 1st wound is located in top, with size small and shape round. "
137.jpg,"In this image, 1 wounds are detected. The 1st wound is located in right, with size small and shape round. "
421.jpg,"In this image, 1 wounds are detected. The 1st wound is located in bottom, with size small and shape round. "
297.jpg,"In this image, 1 wounds are detected. The 1st wound is located in bottom, with size small and shape round. "
454.jpg,"In this image, 1 wounds are detected. The 1st wound is located in bottom, with size small and shape round. "
231.jpg,"In this image, 1 wounds are detected. The 1st wound is located in bottom, with size small and shape round. "
6.jpg,"In this image, 1 wounds are detected. The 1st wound is located in top, with size small and shape rough. "
51.jpg,"In this image, 1 wounds are detected. The 1st wound is located in top, with size small and shape round. "
374.jpg,"In this image, 1 wounds are detected. The 1st wound is located in right, with size small and shape round. "
229.jpg,"In this image, 1 wounds are detected. The 1st wound is located in top, with size medium and shape rough. "
101.jpg,"In this image, 1 wounds are detected. The 1st wound is located in right, with size small and shape round. "
783.jpg,"In this image, 1 wounds are detected. The 1st wound is located in top, with size small and shape round. "
591.jpg,"In this image, 1 wounds are detected. The 1st wound is located in top-middle, with size small and shape round. "
222.jpg,"In this image, 1 wounds are detected. The 1st wound is located in top, with size small and shape round. "
760.jpg,"In this image, 2 wounds are detected. The 1st wound is located in right, with size small and shape round. The 2nd wound is located in left, with size small and shape round. "
570.jpg,"In this image, 1 wounds are detected. The 1st wound is located in bottom, with size small and shape rough. "
510.jpg,"In this image, 1 wounds are detected. The 1st wound is located in right, with size small and shape round. "
399.jpg,"In this image, 1 wounds are detected. The 1st wound is located in right, with size medium and shape round. "
741.jpg,"In this image, 1 wounds are detected. The 1st wound is located in bottom, with size small and shape round. "
148.jpg,"In this image, 1 wounds are detected. The 1st wound is located in center, with size small and shape round. "
742.jpg,"In this image, 1 wounds are detected. The 1st wound is located in right, with size small and shape round. "
55.jpg,"In this image, 1 wounds are detected. The 1st wound is located in left, with size small and shape round. "
78.jpg,"In this image, 1 wounds are detected. The 1st wound is located in left, with size small and shape round. "
699.jpg,"In this image, 1 wounds are detected. The 1st wound is located in top, with size small and shape round. "
795.jpg,"In this image, 1 wounds are detected. The 1st wound is located in bottom, with size small and shape rough. "
325.jpg,"In this image, 1 wounds are detected. The 1st wound is located in right, with size small and shape round. "
662.jpg,"In this image, 1 wounds are detected. The 1st wound is located in center, with size small and shape round. "
639.jpg,"In this image, 1 wounds are detected. The 1st wound is located in right, with size small and shape rough. "
532.jpg,"In this image, 1 wounds are detected. The 1st wound is located in top, with size small and shape rough. "
557.jpg,"In this image, 1 wounds are detected. The 1st wound is located in top, with size small and shape round. "
16.jpg,"In this image, 1 wounds are detected. The 1st wound is located in top, with size small and shape round. "
127.jpg,"In this image, 1 wounds are detected. The 1st wound is located in bottom, with size small and shape round. "
496.jpg,"In this image, 1 wounds are detected. The 1st wound is located in right, with size small and shape rough. "
249.jpg,"In this image, 1 wounds are detected. The 1st wound is located in right, with size small and shape round. "
390.jpg,"In this image, 1 wounds are detected. The 1st wound is located in right, with size small and shape round. "
458.jpg,"In this image, 1 wounds are detected. The 1st wound is located in right, with size small and shape round. "
679.jpg,"In this image, 1 wounds are detected. The 1st wound is located in left, with size small and shape rough. "
701.jpg,"In this image, 1 wounds are detected. The 1st wound is located in left, with size small and shape round. "
333.jpg,"In this image, 1 wounds are detected. The 1st wound is located in right, with size small and shape round. "
776.jpg,"In this image, 1 wounds are detected. The 1st wound is located in bottom, with size small and shape rough. "
379.jpg,"In this image, 1 wounds are detected. The 1st wound is located in right, with size small and shape round. "
439.jpg,"In this image, 1 wounds are detected. The 1st wound is located in bottom, with size small and shape rough. "
765.jpg,"In this image, 1 wounds are detected. The 1st wound is located in bottom, with size small and shape round. "
234.jpg,"In this image, 2 wounds are detected. The 1st wound is located in right, with size small and shape round. The 2nd wound is located in right, with size small and shape round. "
604.jpg,"In this image, 1 wounds are detected. The 1st wound is located in right, with size small and shape round. "
236.jpg,"In this image, 1 wounds are detected. The 1st wound is located in right, with size small and shape round. "
346.jpg,"In this image, 1 wounds are detected. The 1st wound is located in right, with size small and shape round. "
123.jpg,"In this image, 1 wounds are detected. The 1st wound is located in bottom, with size small and shape rough. "
733.jpg,"In this image, 1 wounds are detected. The 1st wound is located in bottom, with size small and shape round. "
213.jpg,"In this image, 1 wounds are detected. The 1st wound is located in top, with size small and shape round. "
5.jpg,"In this image, 1 wounds are detected. The 1st wound is located in bottom, with size small and shape rough. "
241.jpg,"In this image, 2 wounds are detected. The 1st wound is located in bottom-right, with size small and shape round. The 2nd wound is located in right, with size small and shape round. "
223.jpg,"In this image, 1 wounds are detected. The 1st wound is located in left, with size small and shape rough. "
169.jpg,"In this image, 1 wounds are detected. The 1st wound is located in bottom, with size small and shape round. "
550.jpg,"In this image, 1 wounds are detected. The 1st wound is located in right, with size small and shape rough. "
142.jpg,"In this image, 1 wounds are detected. The 1st wound is located in top, with size small and shape round. "
190.jpg,"In this image, 1 wounds are detected. The 1st wound is located in bottom, with size small and shape round. "
512.jpg,"In this image, 1 wounds are detected. The 1st wound is located in left, with size small and shape rough. "
70.jpg,"In this image, 1 wounds are detected. The 1st wound is located in right, with size small and shape rough. "
220.jpg,"In this image, 1 wounds are detected. The 1st wound is located in top, with size small and shape round. "
474.jpg,"In this image, 1 wounds are detected. The 1st wound is located in right, with size small and shape rough. "
304.jpg,"In this image, 1 wounds are detected. The 1st wound is located in bottom, with size small and shape round. "
23.jpg,"In this image, 1 wounds are detected. The 1st wound is located in bottom, with size small and shape round. "
258.jpg,"In this image, 1 wounds are detected. The 1st wound is located in right, with size small and shape rough. "
10.jpg,"In this image, 1 wounds are detected. The 1st wound is located in top, with size small and shape rough. "
612.jpg,"In this image, 1 wounds are detected. The 1st wound is located in bottom, with size small and shape round. "
2.jpg,"In this image, 1 wounds are detected. The 1st wound is located in top, with size small and shape round. "
423.jpg,"In this image, 1 wounds are detected. The 1st wound is located in right, with size small and shape round. "
401.jpg,"In this image, 1 wounds are detected. The 1st wound is located in right, with size small and shape round. "
751.jpg,"In this image, 1 wounds are detected. The 1st wound is located in left, with size small and shape round. "
224.jpg,"In this image, 1 wounds are detected. The 1st wound is located in right, with size small and shape round. "
626.jpg,"In this image, 1 wounds are detected. The 1st wound is located in right, with size small and shape round. "
343.jpg,"In this image, 1 wounds are detected. The 1st wound is located in left, with size small and shape round. "
124.jpg,"In this image, 1 wounds are detected. The 1st wound is located in right, with size small and shape round. "
227.jpg,"In this image, 1 wounds are detected. The 1st wound is located in right, with size small and shape round. "
314.jpg,"In this image, 1 wounds are detected. The 1st wound is located in bottom, with size small and shape round. "
43.jpg,"In this image, 1 wounds are detected. The 1st wound is located in right, with size small and shape round. "
668.jpg,"In this image, 1 wounds are detected. The 1st wound is located in bottom-middle, with size small and shape round. "
470.jpg,"In this image, 1 wounds are detected. The 1st wound is located in right, with size small and shape rough. "
211.jpg,"In this image, 1 wounds are detected. The 1st wound is located in right, with size small and shape round. "
277.jpg,"In this image, 1 wounds are detected. The 1st wound is located in right, with size small and shape round. "
523.jpg,"In this image, 1 wounds are detected. The 1st wound is located in right, with size small and shape round. "
529.jpg,"In this image, 1 wounds are detected. The 1st wound is located in right, with size medium and shape rough. "
391.jpg,"In this image, 1 wounds are detected. The 1st wound is located in right, with size small and shape round. "
666.jpg,"In this image, 1 wounds are detected. The 1st wound is located in center, with size small and shape round. "
337.jpg,"In this image, 1 wounds are detected. The 1st wound is located in top-left, with size small and shape round. "
269.jpg,"In this image, 1 wounds are detected. The 1st wound is located in left, with size small and shape round. "
41.jpg,"In this image, 1 wounds are detected. The 1st wound is located in right, with size small and shape rough. "
731.jpg,"In this image, 1 wounds are detected. The 1st wound is located in top, with size medium and shape round. "
299.jpg,"In this image, 1 wounds are detected. The 1st wound is located in right, with size small and shape round. "
549.jpg,"In this image, 1 wounds are detected. The 1st wound is located in right, with size small and shape round. "
97.jpg,"In this image, 1 wounds are detected. The 1st wound is located in bottom, with size small and shape rough. "
38.jpg,"In this image, 1 wounds are detected. The 1st wound is located in right, with size small and shape round. "
181.jpg,"In this image, 1 wounds are detected. The 1st wound is located in center, with size small and shape round. "
4.jpg,"In this image, 1 wounds are detected. The 1st wound is located in center, with size small and shape round. "
56.jpg,"In this image, 1 wounds are detected. The 1st wound is located in bottom, with size small and shape round. "
715.jpg,"In this image, 1 wounds are detected. The 1st wound is located in right, with size small and shape round. "
593.jpg,"In this image, 1 wounds are detected. The 1st wound is located in right, with size small and shape round. "
754.jpg,"In this image, 1 wounds are detected. The 1st wound is located in right, with size small and shape round. "
763.jpg,"In this image, 1 wounds are detected. The 1st wound is located in center, with size small and shape round. "
498.jpg,"In this image, 2 wounds are detected. The 1st wound is located in right, with size small and shape round. The 2nd wound is located in left, with size small and shape round. "
471.jpg,"In this image, 1 wounds are detected. The 1st wound is located in right, with size small and shape round. "
180.jpg,"In this image, 1 wounds are detected. The 1st wound is located in left, with size small and shape rough. "
427.jpg,"In this image, 1 wounds are detected. The 1st wound is located in bottom, with size small and shape round. "
627.jpg,"In this image, 1 wounds are detected. The 1st wound is located in right, with size small and shape rough. "
370.jpg,"In this image, 1 wounds are detected. The 1st wound is located in right, with size small and shape rough. "
300.jpg,"In this image, 1 wounds are detected. The 1st wound is located in right, with size small and shape rough. "
230.jpg,"In this image, 1 wounds are detected. The 1st wound is located in top, with size small and shape round. "
353.jpg,"In this image, 1 wounds are detected. The 1st wound is located in right, with size small and shape round. "
87.jpg,"In this image, 1 wounds are detected. The 1st wound is located in left, with size small and shape rough. "
221.jpg,"In this image, 1 wounds are detected. The 1st wound is located in left, with size small and shape round. "
94.jpg,"In this image, 1 wounds are detected. The 1st wound is located in top, with size small and shape round. "
385.jpg,"In this image, 1 wounds are detected. The 1st wound is located in right, with size small and shape round. "
755.jpg,"In this image, 1 wounds are detected. The 1st wound is located in bottom, with size small and shape round. "
651.jpg,"In this image, 1 wounds are detected. The 1st wound is located in left, with size small and shape round. "
278.jpg,"In this image, 1 wounds are detected. The 1st wound is located in right, with size small and shape round. "
656.jpg,"In this image, 1 wounds are detected. The 1st wound is located in top, with size medium and shape round. "
14.jpg,"In this image, 1 wounds are detected. The 1st wound is located in top, with size small and shape rough. "
720.jpg,"In this image, 1 wounds are detected. The 1st wound is located in right, with size small and shape rough. "
235.jpg,"In this image, 1 wounds are detected. The 1st wound is located in bottom, with size small and shape rough. "
467.jpg,"In this image, 1 wounds are detected. The 1st wound is located in top, with size small and shape round. "
462.jpg,"In this image, 1 wounds are detected. The 1st wound is located in left, with size small and shape rough. "
214.jpg,"In this image, 1 wounds are detected. The 1st wound is located in right, with size small and shape round. "
614.jpg,"In this image, 1 wounds are detected. The 1st wound is located in left, with size small and shape round. "
366.jpg,"In this image, 1 wounds are detected. The 1st wound is located in bottom, with size small and shape round. "
185.jpg,"In this image, 1 wounds are detected. The 1st wound is located in right, with size small and shape round. "
99.jpg,"In this image, 1 wounds are detected. The 1st wound is located in left, with size small and shape round. "
245.jpg,"In this image, 1 wounds are detected. The 1st wound is located in right, with size small and shape round. "
50.jpg,"In this image, 1 wounds are detected. The 1st wound is located in right, with size small and shape round. "
663.jpg,"In this image, 1 wounds are detected. The 1st wound is located in top, with size small and shape round. "
250.jpg,"In this image, 1 wounds are detected. The 1st wound is located in left, with size medium and shape round. "
431.jpg,"In this image, 1 wounds are detected. The 1st wound is located in top, with size small and shape round. "
283.jpg,"In this image, 1 wounds are detected. The 1st wound is located in bottom, with size small and shape round. "
790.jpg,"In this image, 1 wounds are detected. The 1st wound is located in top, with size small and shape round. "
3.jpg,"In this image, 1 wounds are detected. The 1st wound is located in center, with size small and shape round. "
466.jpg,"In this image, 1 wounds are detected. The 1st wound is located in right, with size medium and shape round. "
476.jpg,"In this image, 1 wounds are detected. The 1st wound is located in bottom, with size small and shape round. "
140.jpg,"In this image, 1 wounds are detected. The 1st wound is located in bottom, with size small and shape round. "
762.jpg,"In this image, 1 wounds are detected. The 1st wound is located in bottom, with size small and shape flattened. "
551.jpg,"In this image, 1 wounds are detected. The 1st wound is located in bottom, with size small and shape rough. "
244.jpg,"In this image, 1 wounds are detected. The 1st wound is located in right, with size small and shape round. "
757.jpg,"In this image, 2 wounds are detected. The 1st wound is located in center, with size small and shape round. The 2nd wound is located in top, with size small and shape round. "
553.jpg,"In this image, 2 wounds are detected. The 1st wound is located in right, with size small and shape round. The 2nd wound is located in top, with size small and shape rough. "
536.jpg,"In this image, 1 wounds are detected. The 1st wound is located in top, with size small and shape rough. "
502.jpg,"In this image, 1 wounds are detected. The 1st wound is located in left, with size small and shape round. "
625.jpg,"In this image, 1 wounds are detected. The 1st wound is located in right, with size small and shape round. "
584.jpg,"In this image, 1 wounds are detected. The 1st wound is located in left, with size small and shape round. "
404.jpg,"In this image, 1 wounds are detected. The 1st wound is located in right, with size small and shape rough. "
702.jpg,"In this image, 1 wounds are detected. The 1st wound is located in bottom, with size small and shape round. "
513.jpg,"In this image, 1 wounds are detected. The 1st wound is located in right, with size small and shape rough. "
642.jpg,"In this image, 1 wounds are detected. The 1st wound is located in left, with size small and shape rough. "
585.jpg,"In this image, 1 wounds are detected. The 1st wound is located in right, with size small and shape rough. "
359.jpg,"In this image, 1 wounds are detected. The 1st wound is located in left, with size small and shape rough. "
203.jpg,"In this image, 1 wounds are detected. The 1st wound is located in right, with size small and shape rough. "
617.jpg,"In this image, 1 wounds are detected. The 1st wound is located in right, with size medium and shape round. "
798.jpg,"In this image, 1 wounds are detected. The 1st wound is located in right, with size small and shape round. "
322.jpg,"In this image, 1 wounds are detected. The 1st wound is located in right, with size small and shape round. "
159.jpg,"In this image, 1 wounds are detected. The 1st wound is located in right, with size small and shape round. "
581.jpg,"In this image, 1 wounds are detected. The 1st wound is located in right, with size small and shape round. "
630.jpg,"In this image, 1 wounds are detected. The 1st wound is located in right, with size small and shape round. "
347.jpg,"In this image, 1 wounds are detected. The 1st wound is located in top, with size small and shape round. "
598.jpg,"In this image, 2 wounds are detected. The 1st wound is located in left, with size small and shape round. The 2nd wound is located in top-right, with size small and shape round. "
787.jpg,"In this image, 1 wounds are detected. The 1st wound is located in bottom, with size small and shape round. "
215.jpg,"In this image, 3 wounds are detected. The 1st wound is located in left, with size small and shape round. The 2nd wound is located in right, with size small and shape round. The 3rd wound is located in top-left, with size small and shape round. "
378.jpg,"In this image, 1 wounds are detected. The 1st wound is located in left, with size small and shape rough. "
205.jpg,"In this image, 1 wounds are detected. The 1st wound is located in top, with size small and shape round. "
563.jpg,"In this image, 1 wounds are detected. The 1st wound is located in right, with size small and shape round. "
413.jpg,"In this image, 1 wounds are detected. The 1st wound is located in right, with size small and shape round. "
538.jpg,"In this image, 1 wounds are detected. The 1st wound is located in bottom, with size small and shape round. "
689.jpg,"In this image, 1 wounds are detected. The 1st wound is located in right, with size small and shape round. "
286.jpg,"In this image, 1 wounds are detected. The 1st wound is located in right, with size small and shape round. "
360.jpg,"In this image, 1 wounds are detected. The 1st wound is located in right, with size small and shape round. "
287.jpg,"In this image, 1 wounds are detected. The 1st wound is located in left, with size small and shape rough. "
712.jpg,"In this image, 1 wounds are detected. The 1st wound is located in center, with size small and shape rough. "
324.jpg,"In this image, 1 wounds are detected. The 1st wound is located in right, with size small and shape round. "
160.jpg,"In this image, 1 wounds are detected. The 1st wound is located in right, with size small and shape rough. "
141.jpg,"In this image, 1 wounds are detected. The 1st wound is located in right, with size small and shape round. "
749.jpg,"In this image, 1 wounds are detected. The 1st wound is located in bottom, with size small and shape round. "
640.jpg,"In this image, 1 wounds are detected. The 1st wound is located in left, with size small and shape rough. "
426.jpg,"In this image, 1 wounds are detected. The 1st wound is located in left, with size small and shape round. "
660.jpg,"In this image, 1 wounds are detected. The 1st wound is located in right, with size medium and shape rough. "
85.jpg,"In this image, 1 wounds are detected. The 1st wound is located in right, with size small and shape round. "
167.jpg,"In this image, 1 wounds are detected. The 1st wound is located in left, with size small and shape round. "
771.jpg,"In this image, 1 wounds are detected. The 1st wound is located in right, with size small and shape round. "
711.jpg,"In this image, 1 wounds are detected. The 1st wound is located in top, with size small and shape round. "
687.jpg,"In this image, 1 wounds are detected. The 1st wound is located in top, with size small and shape rough. "
295.jpg,"In this image, 1 wounds are detected. The 1st wound is located in right, with size small and shape round. "
162.jpg,"In this image, 1 wounds are detected. The 1st wound is located in bottom, with size small and shape round. "
301.jpg,"In this image, 1 wounds are detected. The 1st wound is located in right, with size small and shape round. "
708.jpg,"In this image, 1 wounds are detected. The 1st wound is located in top, with size small and shape round. "
786.jpg,"In this image, 1 wounds are detected. The 1st wound is located in right, with size small and shape round. "
163.jpg,"In this image, 1 wounds are detected. The 1st wound is located in right, with size small and shape rough. "
375.jpg,"In this image, 1 wounds are detected. The 1st wound is located in center, with size small and shape round. "
483.jpg,"In this image, 1 wounds are detected. The 1st wound is located in right, with size small and shape rough. "
636.jpg,"In this image, 1 wounds are detected. The 1st wound is located in right, with size small and shape round. "
218.jpg,"In this image, 1 wounds are detected. The 1st wound is located in right, with size small and shape rough. "
448.jpg,"In this image, 1 wounds are detected. The 1st wound is located in bottom, with size small and shape round. "
537.jpg,"In this image, 1 wounds are detected. The 1st wound is located in bottom, with size small and shape round. "
464.jpg,"In this image, 1 wounds are detected. The 1st wound is located in right, with size small and shape round. "
11.jpg,"In this image, 1 wounds are detected. The 1st wound is located in left, with size small and shape rough. "
436.jpg,"In this image, 1 wounds are detected. The 1st wound is located in right, with size small and shape round. "
772.jpg,"In this image, 1 wounds are detected. The 1st wound is located in left, with size small and shape rough. "
728.jpg,"In this image, 2 wounds are detected. The 1st wound is located in right, with size small and shape round. The 2nd wound is located in left, with size small and shape round. "
605.jpg,"In this image, 1 wounds are detected. The 1st wound is located in top, with size small and shape round. "
257.jpg,"In this image, 1 wounds are detected. The 1st wound is located in bottom-middle, with size small and shape round. "
542.jpg,"In this image, 1 wounds are detected. The 1st wound is located in top, with size small and shape round. "
796.jpg,"In this image, 1 wounds are detected. The 1st wound is located in right, with size small and shape rough. "
620.jpg,"In this image, 1 wounds are detected. The 1st wound is located in center, with size small and shape round. "
558.jpg,"In this image, 1 wounds are detected. The 1st wound is located in bottom, with size small and shape round. "
602.jpg,"In this image, 1 wounds are detected. The 1st wound is located in bottom, with size small and shape round. "
692.jpg,"In this image, 1 wounds are detected. The 1st wound is located in left, with size small and shape rough. "
36.jpg,"In this image, 1 wounds are detected. The 1st wound is located in right, with size small and shape round. "
432.jpg,"In this image, 1 wounds are detected. The 1st wound is located in right, with size small and shape round. "
251.jpg,"In this image, 1 wounds are detected. The 1st wound is located in right, with size small and shape round. "
732.jpg,"In this image, 1 wounds are detected. The 1st wound is located in bottom, with size small and shape round. "
780.jpg,"In this image, 1 wounds are detected. The 1st wound is located in top, with size small and shape round. "
171.jpg,"In this image, 2 wounds are detected. The 1st wound is located in bottom, with size small and shape flattened. The 2nd wound is located in top-middle, with size small and shape round. "
451.jpg,"In this image, 1 wounds are detected. The 1st wound is located in right, with size small and shape rough. "
478.jpg,"In this image, 1 wounds are detected. The 1st wound is located in right, with size small and shape rough. "
274.jpg,"In this image, 1 wounds are detected. The 1st wound is located in left, with size small and shape round. "
279.jpg,"In this image, 1 wounds are detected. The 1st wound is located in right, with size small and shape rough. "
134.jpg,"In this image, 2 wounds are detected. The 1st wound is located in right, with size small and shape round. The 2nd wound is located in top, with size small and shape round. "
440.jpg,"In this image, 1 wounds are detected. The 1st wound is located in right, with size small and shape rough. "
526.jpg,"In this image, 1 wounds are detected. The 1st wound is located in bottom-middle, with size small and shape round. "
589.jpg,"In this image, 1 wounds are detected. The 1st wound is located in right, with size small and shape round. "
528.jpg,"In this image, 1 wounds are detected. The 1st wound is located in left, with size medium and shape rough. "
